Topic,Key
budget&cost,budget
budget&cost,cost
budget&cost,expense
budget&cost,costing
change&transition,change
change&transition,transition
change&transition,changing
collaboration,collaboration
collaboration,connect
collaboration,cooperation
collaboration,collaborative
collaboration,corporate
communication&understanding,communication
communication&understanding,understand
communication&understanding,communicative
communication&understanding,connect
communication&understanding,communicate
communication&understanding,communicating
communication&understanding,information
communication&understanding,info
communication&understanding,resource
communication&understanding,speak
communication&understanding,convey
communication&understanding,chance
communication&understanding,interact
communication&understanding,involvement
compensation,compensation
compensation,wage
compensation,bonus
compensation,paid
compensation,pay
compensation,paying
compensation,payment
compensation,payout
compensation,perk
compensation,payroll
compensation,salary
compensation,salaried
compensation,money
compensation,benefit
career development,development
career development,career
career development,developing
career development,grow
career development,professional
career development,career
career development,synergy
career development,progress
career development,growth
career development,opportunity
career development,learn
career development,learning 
expertise&talent,expertise
expertise&talent,talent
people&teams,team
people&teams,people
people&teams,teamwork
people&teams,teambuilding
people&teams,people
people&teams,group
goal&targeting,goal
goal&targeting,objective
goal&targeting,target
goal&targeting,targeted
goal&targeting,targeting
innovation&creativity,innovation
innovation&creativity,creativity
innovation&creativity,innovate
innovation&creativity,innovative
innovation&creativity,innovating
innovation&creativity,creation
leadership&management,leadership
leadership&management,management
leadership&management,leader
leadership&management,leading
leadership&management,led
leadership&management,decided
leadership&management,president
leadership&management,productivity
leadership&management,manager
leadership&management,management
timeline,timeline
timeline,premier
timeline,quantity
promotion&rewards,promotion
promotion&rewards,reward
promotion&rewards,promoting
promotion&rewards,promotional
promotion&rewards,rewarded
promotion&rewards,rewarding
retail&supply,customer
retail&supply,client
retail&supply,distributor
retail&supply,consumer
training&coaching,training
training&coaching,trained
training&coaching,coach
training&coaching,retraining
training&coaching,coaching
culture,culture
culture,atmoshphere
culture,politics
culture,political
culture,politic
inclusion,inclusion
inclusion,equality
inclusion,belong
inclusion,belonging
inclusion,respect
inclusion,fairness
inclusion,inclusivity
inclusion,inclusiveness
inclusion,inclusive
inclusion,include
inclusion,included
inclusion,fairness
inclusion,bias
inclusion,fair
brand&products,brand
brand&products,product
work environment,work
work environment,environment
Life balance,life
Life balance,balance
Life balance,hour
diversity,diverse
diversity,diversity
diversity,racism
diversity,race
diversity,racial
diversity,harass
diversity,harassment
diversity,women
diversity,minority
diversity,gender
diversity,lgbtq
diversity,ethnicity
diversity,ethnic
diversity,demographic
diversity,representation
Process & Effectiveness,effectiveness
Process & Effectiveness,efficiency
Process & Effectiveness,efficient
brand&products,category
brand&products,consumer
brand&products,advertisement
brand&products,portfolio
brand&products,market
brand&products,trend
budget&cost,zbb
budget&cost,saving
budget&cost,money
budget&cost,ebitda
budget&cost,price
career development,progression
career development,pathway
career development,advancement
career development,aspiration
career development,track
collaboration,teamwork
collaboration,group
collaboration,alignment
collaboration,silo
collaboration,cooperation
compensation,remuneration
goal&targeting,mbo
inclusion,background
inclusion,care
leadership&management,executive
leadership&management,transparency
leadership&management,director
Life balance,imbalance
Life balance,family
Life balance,flexibility
Life balance,juggling
promotion&rewards,opr
promotion&rewards,recognition
promotion&rewards,incentive
promotion&rewards,payout
promotion&rewards,raise
promotion&rewards,merit
promotion&rewards,bonus
promotion&rewards,package
promotion&rewards,wage
promotion&rewards,achievement
retail&supply,partner
retail&supply,distributor
retail&supply,logistics
retail&supply,planner
retail&supply,store
retail&supply,distribution
retail&supply,production
retail&supply,warehousing
retail&supply,forecasting
training&coaching,ownerversity
training&coaching,course
training&coaching,skill
training&coaching,mentorship
training&coaching,certification
training&coaching,class
training&coaching,seminar
training&coaching,guidance
training&coaching,conference
training&coaching,session
training&coaching,education
training&coaching,idp
culture,value
Process & Effectiveness,ritual
Process & Effectiveness,system
Process & Effectiveness,routine
Process & Effectiveness,streamline
Meetings,call
Meetings,meeting
Meetings,townhall
Strategy,vision
Strategy,plan
Strategy,action
Strategy,direction
Strategy,succession
Workload,pressure
Workload,stress
Workload,load
Workload,demanding
Workload,night
Workload,weekend
Workload,sacrifice
Workload,overtime
Workload,toll
Workload,evening
Life balance,home
Strategy,mission
Strategy,commitment
Strategy,roadmap
Transparency,clarity
Transparency,visibility
Transparency,accountability
Transparency,clarify
Transparency,explanation
Remote Working,wfh
Remote Working,workspace
Remote Working,home
Remote Working,office
Remote Working,flexibility
Remote Working,station
Remote Working,workplace
Workload,burnout
Return To Office,return
Return To Office,back
Return To Office,office
Covid & Vaccination ,vaccine
Covid & Vaccination ,vaccination
Covid & Vaccination ,pandemic
Covid & Vaccination ,covid
goal&targeting,metric
goal&targeting,kpi
goal&targeting,score
